{
  "prepare_queue": {
    "installed": [],
    "uninstalled": []
  },
  "config_munge": {
    "files": {
      "app/src/main/AndroidManifest.xml": {
        "parents": {
          "/manifest/application": [
            {
              "xml": "<application android:networkSecurityConfig=\"@xml/network_security_config\" />",
              "count": 1,
              "mode": "merge",
              "id": "config.xml",
              "oldAttrib": {
                "android:hardwareAccelerated": "true",
                "android:icon": "@mipmap/ic_launcher",
                "android:label": "@string/app_name",
                "android:networkSecurityConfig": "@xml/network_security_config",
                "android:supportsRtl": "true"
              }
            }
          ]
        }
      },
      "res/xml/config.xml": {
        "parents": {
          "/*": [
            {
              "xml": "<feature name=\"Device\"><param name=\"android-package\" value=\"org.apache.cordova.device.Device\" /></feature>",
              "count": 1
            },
            {
              "xml": "<feature name=\"SplashScreen\"><param name=\"android-package\" value=\"org.apache.cordova.splashscreen.SplashScreen\" /><param name=\"onload\" value=\"true\" /></feature>",
              "count": 1
            },
            {
              "xml": "<feature name=\"StatusBar\"><param name=\"android-package\" value=\"org.apache.cordova.statusbar.StatusBar\" /><param name=\"onload\" value=\"true\" /></feature>",
              "count": 1
            },
            {
              "xml": "<feature name=\"Whitelist\"><param name=\"android-package\" value=\"org.apache.cordova.whitelist.WhitelistPlugin\" /><param name=\"onload\" value=\"true\" /></feature>",
              "count": 1
            },
            {
              "xml": "<feature name=\"FirebasePlugin\"><param name=\"android-package\" value=\"org.apache.cordova.firebase.FirebasePlugin\" /><param name=\"onload\" value=\"true\" /></feature>",
              "count": 1
            }
          ]
        }
      },
      "config.xml": {
        "parents": {
          "/*": [
            {
              "xml": "<feature name=\"CDVIonicKeyboard\"><param name=\"android-package\" onload=\"true\" value=\"io.ionic.keyboard.CDVIonicKeyboard\" /></feature>",
              "count": 1
            },
            {
              "xml": "<allow-navigation href=\"http://localhost/*\" />",
              "count": 1
            },
            {
              "xml": "<allow-navigation href=\"https://localhost/*\" />",
              "count": 1
            },
            {
              "xml": "<allow-navigation href=\"ionic://*\" />",
              "count": 1
            },
            {
              "xml": "<preference name=\"webView\" value=\"com.ionicframework.cordova.webview.IonicWebViewEngine\" />",
              "count": 1
            },
            {
              "xml": "<feature name=\"IonicWebView\"><param name=\"android-package\" value=\"com.ionicframework.cordova.webview.IonicWebView\" /></feature>",
              "count": 1
            }
          ]
        }
      },
      "AndroidManifest.xml": {
        "parents": {
          "/*": [
            {
              "xml": "<uses-permission android:name=\"android.permission.INTERNET\" />",
              "count": 1
            },
            {
              "xml": "<uses-permission android:name=\"android.permission.ACCESS_NETWORK_STATE\" />",
              "count": 1
            },
            {
              "xml": "<uses-permission android:name=\"android.permission.WAKE_LOCK\" />",
              "count": 1
            }
          ],
          "application": [
            {
              "xml": "<service android:enabled=\"true\" android:exported=\"false\" android:name=\"com.google.android.gms.measurement.AppMeasurementService\" />",
              "count": 1
            },
            {
              "xml": "<service android:name=\"org.apache.cordova.firebase.FirebasePluginMessagingService\"><intent-filter><action android:name=\"com.google.firebase.MESSAGING_EVENT\" /></intent-filter></service>",
              "count": 1
            },
            {
              "xml": "<receiver android:name=\"org.apache.cordova.firebase.OnNotificationOpenReceiver\" />",
              "count": 1
            },
            {
              "xml": "<meta-data android:name=\"com.google.firebase.messaging.default_notification_color\" android:resource=\"@color/accent\" />",
              "count": 1
            },
            {
              "xml": "<meta-data android:name=\"com.google.firebase.messaging.default_notification_channel_id\" android:value=\"@string/default_notification_channel_id\" />",
              "count": 1
            },
            {
              "xml": "<meta-data android:name=\"firebase_analytics_collection_enabled\" android:value=\"true\" />",
              "count": 1
            },
            {
              "xml": "<meta-data android:name=\"firebase_performance_collection_enabled\" android:value=\"true\" />",
              "count": 1
            },
            {
              "xml": "<meta-data android:name=\"firebase_crashlytics_collection_enabled\" android:value=\"true\" />",
              "count": 1
            }
          ]
        }
      }
    }
  },
  "installed_plugins": {
    "cordova-plugin-androidx-adapter": {
      "PACKAGE_NAME": "com.pattan.portail"
    },
    "cordova-plugin-device": {
      "PACKAGE_NAME": "com.pattan.portail"
    },
    "cordova-plugin-ionic-keyboard": {
      "PACKAGE_NAME": "com.pattan.portail"
    },
    "cordova-plugin-ionic-webview": {
      "ANDROID_SUPPORT_ANNOTATIONS_VERSION": "27.+",
      "PACKAGE_NAME": "com.pattan.portail"
    },
    "cordova-plugin-splashscreen": {
      "PACKAGE_NAME": "com.pattan.portail"
    },
    "cordova-plugin-statusbar": {
      "PACKAGE_NAME": "com.pattan.portail"
    },
    "cordova-plugin-whitelist": {
      "PACKAGE_NAME": "com.pattan.portail"
    },
    "cordova-plugin-firebasex": {
      "FIREBASE_ANALYTICS_COLLECTION_ENABLED": "true",
      "FIREBASE_PERFORMANCE_COLLECTION_ENABLED": "true",
      "FIREBASE_CRASHLYTICS_COLLECTION_ENABLED": "true",
      "ANDROID_ICON_ACCENT": "#FF00FFFF",
      "ANDROID_PLAY_SERVICES_TAGMANAGER_VERSION": "17.0.0",
      "ANDROID_PLAY_SERVICES_AUTH_VERSION": "18.1.0",
      "ANDROID_FIREBASE_ANALYTICS_VERSION": "17.5.0",
      "ANDROID_FIREBASE_MESSAGING_VERSION": "20.2.4",
      "ANDROID_FIREBASE_CONFIG_VERSION": "19.2.0",
      "ANDROID_FIREBASE_PERF_VERSION": "19.0.8",
      "ANDROID_FIREBASE_AUTH_VERSION": "19.4.0",
      "ANDROID_FIREBASE_INAPPMESSAGING_VERSION": "19.1.1",
      "ANDROID_FIREBASE_FIRESTORE_VERSION": "21.6.0",
      "ANDROID_FIREBASE_CRASHLYTICS_VERSION": "17.2.1",
      "ANDROID_FIREBASE_CRASHLYTICS_NDK_VERSION": "17.2.1",
      "ANDROID_GSON_VERSION": "2.8.6",
      "PACKAGE_NAME": "com.pattan.portail"
    }
  },
  "dependent_plugins": {},
  "modules": [
    {
      "id": "cordova-plugin-device.device",
      "file": "plugins/cordova-plugin-device/www/device.js",
      "pluginId": "cordova-plugin-device",
      "clobbers": [
        "device"
      ]
    },
    {
      "id": "cordova-plugin-ionic-keyboard.keyboard",
      "file": "plugins/cordova-plugin-ionic-keyboard/www/android/keyboard.js",
      "pluginId": "cordova-plugin-ionic-keyboard",
      "clobbers": [
        "window.Keyboard"
      ]
    },
    {
      "id": "cordova-plugin-ionic-webview.IonicWebView",
      "file": "plugins/cordova-plugin-ionic-webview/src/www/util.js",
      "pluginId": "cordova-plugin-ionic-webview",
      "clobbers": [
        "Ionic.WebView"
      ]
    },
    {
      "id": "cordova-plugin-splashscreen.SplashScreen",
      "file": "plugins/cordova-plugin-splashscreen/www/splashscreen.js",
      "pluginId": "cordova-plugin-splashscreen",
      "clobbers": [
        "navigator.splashscreen"
      ]
    },
    {
      "id": "cordova-plugin-statusbar.statusbar",
      "file": "plugins/cordova-plugin-statusbar/www/statusbar.js",
      "pluginId": "cordova-plugin-statusbar",
      "clobbers": [
        "window.StatusBar"
      ]
    },
    {
      "id": "cordova-plugin-firebasex.FirebasePlugin",
      "file": "plugins/cordova-plugin-firebasex/www/firebase.js",
      "pluginId": "cordova-plugin-firebasex",
      "clobbers": [
        "FirebasePlugin"
      ]
    }
  ],
  "plugin_metadata": {
    "cordova-plugin-androidx-adapter": "1.1.1",
    "cordova-plugin-device": "2.0.2",
    "cordova-plugin-ionic-keyboard": "2.2.0",
    "cordova-plugin-ionic-webview": "4.2.1",
    "cordova-plugin-splashscreen": "5.0.2",
    "cordova-plugin-statusbar": "2.4.2",
    "cordova-plugin-whitelist": "1.3.3",
    "cordova-plugin-firebasex": "11.0.1"
  }
}
